"label","key_value","condition_value","sort_order"
"Unknown - Single species","UNK-","","0"
"Wood","wood","","1"
"Litter","litter","","2"
"Annual grass","ANNUGRAS","","3"
"Abronia angustifolia","ABROANGU","","4"
"Astrolepis sinuata","ASTRSINU","","5"
"Abronia fragrans","ABROFRAG","","6"
"Abutilon malacum","ABUTMALA","","7"
"Abutilon parvulum","ABUTPARV","","8"
"Acacia constricta","ACACCONS","","9"
"Acacia neovernicosa","ACACNEOV","","10"
"Acalypha neomexicana","ACALNEOM","","11"
"Acanthochiton wrightii","ACANWRIG","","12"
"Achillea millefolium - Yarrow","ACHIMILL","","13"
"Achnatherum eminens","ACHNEMIN","","14"
"Achnatherum hymenoides","ACHNHYME","","15"
"Achyrachaena mollis","ACHYMOLL","","16"
"Acleisanthes chenopodioides","ACLECHEN","","17"
"Acleisanthes diffusus","ACLEDIFF","","18"
"Acmispon americanus","ACMIAMER","","19"
"Acmispon brachycarpus","ACMIBRAC","","20"
"Acmispon glaber - Deerweed","ACMIGLAB","","21"
"Acmispon strigosus","ACMISTRI","","22"
"Acmispon wrangelianus","ACMIWRAN","","23"
"Acourtia microcephela","ACOUMICR","","24"
"Acourtia nana","ACOUNANA","","25"
"Acourtia wrightii","ACOUWRIG","","26"
"Adenostoma fasciculatum","ADENFASC","","27"
"Agastache cana","AGASCANA","","28"
"Agave parryi","AGAVPARR","","29"
"Agoseris heterophylla","AGOSHETE","","30"
"Allionia choisyi","ALLICHOI","","31"
"Allionia incarnata","ALLIINCA","","32"
"Allium macropetalum","ALLIMACR","","33"
"Aloina rigida","ALOIRIGI","","34"
"Aloysia wrightii","ALOYWRIG","","35"
"Amaranthus albus","AMARALBU","","36"
"Amaranthus blitoides","AMARBLIT","","37"
"Amaranthus crassipes","AMARCRAS","","38"
"Amaranthus fimbriatus","AMARFIMB","","39"
"Amaranthus palmeri","AMARPALM","","40"
"Ambrosia acanthicarpa - Flatspine Bursage","AMBRACAN","","41"
"Ambrosia artemisiifolia","AMBRARTE","","42"
"Ambrosia chamissonis","AMBRCHAM","","43"
"Ambrosia psilostachya","AMBRPSIL","","44"
"Ambrosia salsola - Cheesebush","AMBRSALS","","45"
"Amorpha fruticosa","AMORFRUT","","46"
"Amsinckia intermedia","AMSIINTE","","47"
"Amsinckia menziesii - Fiddleneck","AMSIMENZ","","48"
"Amsonia tomentosa","AMSOTOME","","49"
"Anemopsis californica","ANEMCALI","","50"
"Anoda cristata","ANODCRIS","","51"
"Aphanostephus ramosissimus","APHARAMO","","52"
"Apodanthera undulata","APODUNDU","","53"
"Argemone pleiacantha","ARGEPLEI","","54"
"Aristida adscensionis","ARISADSC","","55"
"Aristida havardii","ARISHAVA","","56"
"Aristida pansa","ARISPANS","","57"
"Aristida purpurea","ARISPURP","","58"
"Aristida schiedeana","ARISSCHI","","59"
"Aristida ternipes","ARISTERN","","60"
"Artemisia californica - California sagebrush","ARTECALI","","61"
"Artemisia campestris","ARTECAMP","","62"
"Artemisia douglasiana","ARTEDOUG","","63"
"Artemisia dracunculus","ARTEDRAC","","64"
"Artemisia filifolia","ARTEFILI","","65"
"Artemisia ludoviciana","ARTELUDO","","66"
"Artemisia tridentata - Big Sagebrush","ARTETRID","","67"
"Asclepias asperula","ASCLASPE","","68"
"Asclepias brachystephana","ASCLBRAC","","69"
"Asclepias nyctaginifolia","ASCLNYCT","","70"
"Asclepias subverticillata","ASCLSUBV","","71"
"Asparagus officinalis","ASPAOFFI","","72"
"Astragalus allochrous","ASTRALLO","","73"
"Astragalus crassicarpus","ASTRCRAS","","74"
"Astragalus gambelianus","ASTRGAMB","","75"
"Astragalus mollissimus","ASTRMOLL","","76"
"Astragalus nuttallianus","ASTRNUTT","","77"
"Astragalus tephrodes","ASTRTEPH","","78"
"Atriplex canescens","ATRICANE","","79"
"Atriplex confertifolia - Shadescale Saltbush","ATRICONF","","80"
"Atriplex rosea","ATRIROSE","","81"
"Atriplex polycarpa - Cattle Saltbush","ATRIPOLY","","82"
"Avena barbata - Slender oat","AVENBARB","","83"
"Avena fatua - Wild oat","AVENFATU","","84"
"Ayenia pilosa","AYENPILO","","85"
"Bacchairs salicifolia - Mule fat","BACCSALI","","86"
"Baccharis pilularis - Coyote brush","BACCPILU","","87"
"Baccharis pteronioides","BACCPTER","","88"
"Baccharis salicina","BACCSALIC","","89"
"Bahia absinthifolia","BAHIABSI","","90"
"Bahia biternata","BAHIBITE","","91"
"Bahia pedata","BAHIPEDA","","92"
"Baileya multiradiata","BAILMULT","","93"
"Berberis haematocarpa","BERBHAEM","","94"
"Berlandiera lyrata","BERLLYRA","","95"
"Bidens heterosperma","BIDEHETE","","96"
"Boerhavia coccinea","BOERCOCC","","97"
"Boerhavia coulteri","BOERCOUL","","98"
"Boerhavia gracillima","BOERGRAC","","99"
"Boerhavia intermedia","BOERINTE","","100"
"Boerhavia spicata","BOERSPIC","","101"
"Boerhavia torreyana","BOERTORR","","102"
"Boerhavia wrightii","BOERWRIG","","103"
"Bothriochloa barbinodis","BOTHBARB","","104"
"Bothriochloa ischaemum","BOTHISCH","","105"
"Bothriochloa laguroides","BOTHLAGU","","106"
"Bothriochloa springfieldii","BOTHSPRI","","107"
"Bouteloua aristidoides","BOUTARIS","","108"
"Bouteloua barbata","BOUTBARB","","109"
"Bouteloua curtipendula","BOUTCURT","","110"
"Bouteloua eriopoda","BOUTERIO","","111"
"Bouteloua gracilis","BOUTGRAC","","112"
"Bouteloua hirsuta","BOUTHIRS","","113"
"Bouteloua parryi","BOUTPARR","","114"
"Bowlesia incana","BOWLINCA","","115"
"Brassica nigra - Black mustard","BRASNIGR","","116"
"Brassica tournefortii","BRASTOUR","","117"
"Brickellia californica","BRICCALI","","118"
"Brickellia eupatorioides","BRICEUPA","","119"
"Brickellia floribunda","BRICFLOR","","120"
"Brickellia laciniata","BRICLACI","","121"
"Bromus catharticus","BROMCATH","","122"
"Bromus diandrus - Ripgut brome","BROMDIAN","","123"
"Bromus hordeaceus","BROMHORD","","124"
"Bromus madritensis madritensis","BROMMADR","","125"
"Bromus madritensis rubens","BROMMADRR","","126"
"Bromus sitchsis var. carinatus - California brome","BROMSITC","","127"
"Bromus tectorum","BROMTECT","","128"
"Bryum argenteum","BRYUARGE","","129"
"Bulk sample","BULKSAMP","","130"
"Calandrinia menzieszii - Red maids","CALAMENZ","","131"
"Calliandra humilis","CALLHUMI","","132"
"Calycoseris wrightii","CALYWRIG","","133"
"Calystegia macrostegia","CALYMACR","","134"
"Carduus pycnocephalus - Italian thistle","CARDPYCN","","135"
"Carex barbarae","CAREBARB","","136"
"Carlowrightia linearifolia","CARLLINE","","137"
"Carpobrotus edulis - Iceplant","CARPEDUL","","138"
"Castilleja densiflora - Dense flower owl's clover","CASTDENS","","139"
"Castilleja exserta - owl's clover","CASTEXSE","","140"
"Ceanothus cuneatus","CEANCUNE","","141"
"Ceanothus greggii","CEANGREG","","142"
"Celtis reticulata","CELTRETI","","143"
"Cenchrus longispinus","CENCLONG","","144"
"Cenchrus spinifex","CENCSPIN","","145"
"Centaurea americana","CENTAMER","","146"
"Centaurea melitensis","CENTMELI","","147"
"Cerastium glomeratum","CERAGLOM","","148"
"Cevallia sinuata","CEVASINU","","149"
"Chaenactis stevioides","CHAESTEV","","150"
"Chaetopappa ericoides","CHAEERIC","","151"
"Chamaesaracha coronopus","CHAMCORO","","152"
"Chamaesaracha sordida","CHAMSORD","","153"
"Chamaesyce albomarginata","CHAMALBO","","154"
"Chamaesyce glyptosperma","CHAMGLYP","","155"
"Chamaesyce micromera","CHAMMICR","","156"
"Chamaesyce parryi","CHAMPARR","","157"
"Chamaesyce revoluta","CHAMREVO","","158"
"Chamaesyce serpyllifolia","CHAMSERP","","159"
"Chamaesyce serrula","CHAMSERR","","160"
"Chamaesyce setiloba","CHAMSETI","","161"
"Cheilanthes lindheimeri","CHEILIND","","162"
"Cheilanthes tomentosa","CHEITOME","","163"
"Chenopodium album","CHENALBU","","164"
"Chenopodium berlandieri","CHENBERL","","165"
"Chenopodium californicum","CHENCALI","","166"
"Chenopodium dessicatum","CHENDESS","","167"
"Chenopodium incanum","CHENINCA","","168"
"Chenopodium leptophyllum","CHENLEPT","","169"
"Chenopodium murale","CHENMURA","","170"
"Chilopsis linearis","CHILLINE","","171"
"Chloracantha spinosa","CHLOSPIN","","172"
"Chloris virgata","CHLOVIRG","","173"
"Chlorogalum pomeridianum","CHLOPOME","","174"
"Chorizanthe palmeri","CHORPALM","","175"
"Chrysactinia mexicana","CHRYMEXI","","176"
"Chrysothamnus pulchellus","CHRYPULC","","177"
"Cirsium occidentale","CIRSOCCI","","178"
"Cirsium ochrocentrum","CIRSOCHR","","179"
"Clarkia cylindrica","CLARCYLI","","180"
"Clarkia purpurea","CLARPURP","","181"
"Claytonia perfoliata - Miner's lettuce","CLAYPERF","","182"
"Clematis drummondii","CLEMDRUM","","183"
"Clematis ligusticifolia","CLEMLIGU","","184"
"Collinsia heterophylla","COLLHETE","","185"
"Comandra umbellata","COMAUMBE","","186"
"Commelina erecta","COMMEREC","","187"
"Commicarpus scandens","COMMSCAN","","188"
"Condalia warnockii","CONDWARN","","189"
"Convolvulus equitans","CONVEQUI","","190"
"Conyza canadensis","CONYCANA","","191"
"Corethrogyne filaginifolia","COREFILA","","192"
"Corispermum americanum","CORIAMER","","193"
"Corydalis aurea","CORYAURE","","194"
"Coryphantha macromeris","CORYMACR","","195"
"Coryphantha robustispina","CORYROBU","","196"
"Crassula connata","CRASCONN","","197"
"Cressa truxillensis","CRESTRUX","","198"
"Croton fruticulosus","CROTFRUT","","199"
"Croton pottsii","CROTPOTT","","200"
"Croton setiger","CROTSETI","","201"
"Cryptantha angustifolia","CRYPANGU","","202"
"Cryptantha barbigera","CRYPBARB","","203"
"Cryptantha cinerea","CRYPCINE","","204"
"Cryptantha crassisepala","CRYPCRAS","","205"
"Cryptantha intermedia","CRYPINTE","","206"
"Cryptantha micrantha","CRYPMICR","","207"
"Cryptantha pterocarya","CRYPPTER","","208"
"Cryptantha pusilla","CRYPPUSI","","209"
"Cucurbita foetidissima","CUCUFOET","","210"
"Cuscuta salina","CUSCSALI","","211"
"Cuscuta umbellata","CUSCUMBE","","212"
"Cyclachaena xanthiifolia","CYCLXANT","","213"
"Cycloloma atriplicifolium","CYCLATRI","","214"
"Cylindropuntia imbricata","CYLIIMBR","","215"
"Cylindropuntia leptocaulis","CYLILEPT","","216"
"Cylindropuntia spinosior","CYLISPIN","","217"
"Cynodon dactylon","CYNODACT","","218"
"Cyperus esculentus","CYPEESCU","","219"
"Cyperus retroflexus","CYPERETR","","220"
"Cyphomeris gypsophiloides","CYPHGYPS","","221"
"Dalea cylindriceps","DALECYLI","","222"
"Dalea formosa","DALEFORM","","223"
"Dalea lanata","DALELANA","","224"
"Dalea nana","DALENANA","","225"
"Dalea pogonathera","DALEPOGO","","226"
"Dasylirion wheeleri","DASYWHEE","","227"
"Dasyochloa pulchella","DASYPULC","","228"
"Datura quercifolia","DATUQUER","","229"
"Datura wrightii","DATUWRIG","","230"
"Daucus pusillus - American wild carrot","DAUCPUSI","","231"
"Deinandra increscens","DEININCR","","232"
"Delphinium wootonii","DELPWOOT","","233"
"Descurainia pinnata","DESCPINN","","234"
"Desmanthus cooleyi","DESMCOOL","","235"
"Desmatodon convolutus","DESMCONV","","236"
"Desmatodon guepinii","DESMGUEP","","237"
"Desmatodon plinthobius","DESMPLIN","","238"
"Dichelostemma capitatum - Blue dicks","DICHCAPI","","239"
"Didymodon rigidulus","DIDYRIGI","","240"
"Dieteria canescens","DIETCANE","","241"
"Digitaria californica","DIGICALI","","242"
"Digitaria pubiflora","DIGIPUBI","","243"
"Dimorphocarpa wislizeni","DIMOWISL","","244"
"Distichlis spicata","DISTSPIC","","245"
"Draba cuneifolia","DRABCUNE","","246"
"Drymaria pachyphylla","DRYMPACH","","247"
"Dryopetalon runcinatum","DRYORUNC","","248"
"Dyssodia papposa","DYSSPAPP","","249"
"Echinocactus horizonthalonius","ECHIHORI","","250"
"Echinocereus coccineus","ECHICOCC","","251"
"Echinocereus fendleri","ECHIFEND","","252"
"Echinocereus pectinatus","ECHIPECT","","253"
"Echinocereus stramineus","ECHISTRA","","254"
"Echinocereus triglochidiatus","ECHITRIG","","255"
"Echinochloa colona","ECHICOLO","","256"
"Echinochloa crusgallii","ECHICRUS","","257"
"Echinomastus intertextus","ECHIINTE","","258"
"Elymus condensatus - Giant wild rye","ELYMCOND","","259"
"Elymus glaucus - Blue wild rye","ELYMGLAU","","260"
"Elymus smithii","ELYMSMIT","","261"
"Elymus triticoides - Beardless wild rye","ELYMTRIT","","262"
"Encelia californica - California brittlebrush","ENCECALI","","263"
"Enneapogon desvauxii","ENNEDESV","","264"
"Ephedra californica - Mormon tea","EPHECALI","","265"
"Ephedra torreyana","EPHETORR","","266"
"Ephedra trifurca","EPHETRIF","","267"
"Epilobium brachycarpum","EPILBRAC","","268"
"Equisetum hyemale","EQUIHYEM","","269"
"Eragrostis cilianensis","ERAGCILI","","270"
"Eragrostis curvula","ERAGCURV","","271"
"Eragrostis erosa","ERAGEROS","","272"
"Eragrostis intermedia","ERAGINTE","","273"
"Eragrostis lehmanniana","ERAGLEHM","","274"
"Eragrostis pectinacea","ERAGPECT","","275"
"Eremothera chamaenerioides","EREMCHAM","","276"
"Eriastrum diffusum","ERIADIFF","","277"
"Ericameria laricifolia","ERICLARI","","278"
"Erigeron bellidiastrum","ERIGBELL","","279"
"Erigeron divergens","ERIGDIVE","","280"
"Erigeron foliosus","ERIGFOLI","","281"
"Erigeron modestus","ERIGMODE","","282"
"Erigeron tracyi","ERIGTRAC","","283"
"Eriochloa acuminata","ERIOACUM","","284"
"Eriodictyon crassifolium - Thick-leaved yerba santa","ERIOCRAS","","285"
"Eriogonum abertianum","ERIOABER","","286"
"Eriogonum annuum","ERIOANNU","","287"
"Eriogonum cernuum","ERIOCERN","","288"
"Eriogonum elonongatum - Longstem buckwheat","ERIOELON","","289"
"Eriogonum fasciculatum - California buckwheat","ERIOFASC","","290"
"Eriogonum jamesii","ERIOJAME","","291"
"Eriogonum rotundifolium","ERIOROTU","","292"
"Eriogonum trichopes","ERIOTRIC","","293"
"Eriogonum wrightii","ERIOWRIG","","294"
"Erioneuron nealleyi","ERIONEAL","","295"
"Eriophyllum confertiflorum","ERIOCONF","","296"
"Erodium botrys","ERODBOTR","","297"
"Erodium cicutarium","ERODCICU","","298"
"Erodium moschatum","ERODMOSC","","299"
"Erodium sp.","ERODSP.","","300"
"Erodium texanum","ERODTEXA","","301"
"Erysimum capitatum","ERYSCAPI","","302"
"Eschscholzia californica - California poppy","ESCHCALI","","303"
"Escobaria vivipara","ESCOVIVI","","304"
"Eucrypta micrantha","EUCRMICR","","305"
"Euphorbia davidii","EUPHDAVI","","306"
"Evolvulus alsinoides","EVOLALSI","","307"
"Evolvulus nuttallianus","EVOLNUTT","","308"
"Evolvulus sericeus","EVOLSERI","","309"
"Fabronia ciliaris","FABRCILI","","310"
"Fallugia paradoxa","FALLPARA","","311"
"Ferocactus wislizeni","FEROWISL","","312"
"Festuca microstachys","FESTMICR","","313"
"Festuca octoflora","FESTOCTO","","314"
"Festuca perennis","FESTPERE","","315"
"Festuca rubra","FESTRUBR","","316"
"Festuca tementula","FESTTEME","","317"
"Fissidens littlei","FISSLITT","","318"
"Flourensia cernua","FLOUCERN","","319"
"Forestiera pubescens","FOREPUBE","","320"
"Fouquieria splendens","FOUQSPLE","","321"
"Frangula californica - California coffeeberry","FRANCALI","","322"
"Froelichia arizonica","FROEARIZ","","323"
"Froelichia floridana","FROEFLOR","","324"
"Gaillardia pinnatifida","GAILPINN","","325"
"Gaillardia pulchella","GAILPULC","","326"
"Galium andrewsii - Phlox leaved bedstraw","GALIANDR","","327"
"Galium aparine - Common bedstraw","GALIAPAR","","328"
"Galium microphyllum","GALIMICR","","329"
"Galium nuttallii","GALINUTT","","330"
"Galium porrigens - Climbing bedstraw","GALIPORR","","331"
"Garrya wrightii","GARRWRIG","","332"
"Gastridium phleoides","GASTPHLE","","333"
"Gaura coccinea","GAURCOCC","","334"
"Geranium dissectum","GERADISS","","335"
"Geranium molle","GERAMOLL","","336"
"Gilia capitata","GILICAPI","","337"
"Gilia flavocincta","GILIFLAV","","338"
"Gilia mexicana","GILIMEXI","","339"
"Gilia sinuata","GILISINU","","340"
"Glandularia bipinnatifida","GLANBIPI","","341"
"Gleditsia triacanthos","GLEDTRIA","","342"
"Glycyrrhiza lepidota","GLYCLEPI","","343"
"Grimmia pulvinata","GRIMPULV","","344"
"Grindelia squarrosa","GRINSQUA","","345"
"Guilleminea densa","GUILDENS","","346"
"Gutierrezia microcephala","GUTIMICR","","347"
"Gutierrezia sarothrae","GUTISARO","","348"
"Gutierrezia sphaerocephala","GUTISPHA","","349"
"Gutierrezia texana","GUTITEXA","","350"
"Halogeton glomeratus - Saltlover","HALOGLOM","","351"
"Haplophyton crooksii","HAPLCROO","","352"
"Hazardia squarrosa - Sawtooth goldenbush","HAZASQUA","","353"
"Hedeoma nana","HEDENANA","","354"
"Hedosyne ambrosiifolia","HEDOAMBR","","355"
"Helianthus annuus","HELIANNU","","356"
"Helianthus ciliaris","HELICILI","","357"
"Helianthus petiolaris","HELIPETI","","358"
"Heliotropium convolvulaceum","HELICONV","","359"
"Heliotropium curassavicum","HELICURA","","360"
"Heliotropium greggii","HELIGREG","","361"
"Herissantia crispa","HERICRIS","","362"
"Hesperocyparis macrocarpa","HESPMACR","","363"
"Hesperoyucca whipplei","HESPWHIP","","364"
"Heteromeles arbutifolia - Toyon","HETEARBU","","365"
"Heteropogon contortus","HETECONT","","366"
"Heterotheca canescens","HETECANE","","367"
"Heterotheca fulcrata","HETEFULC","","368"
"Hibiscus denudatus","HIBIDENU","","369"
"Hirschfeldia incana","HIRSINCA","","370"
"Hoffmannseggia drepanocarpa","HOFFDREP","","371"
"Hoffmannseggia glauca","HOFFGLAU","","372"
"Hordeum brachyantherum","HORDBRAC","","373"
"Hordeum murinum","HORDMURI","","374"
"Hordeum murinum ssp. leporinum","HORDMURIL","","375"
"Houstonia humifusa","HOUSHUMI","","376"
"Hybanthus verticillatus","HYBAVERT","","377"
"Hymenopappus flavescens","HYMEFLAV","","378"
"Hymenothrix wislizenii","HYMEWISL","","379"
"Hymenoxys odorata","HYMEODOR","","380"
"Hypochaeris glabra - Smooth cat's ear","HYPOGLAB","","381"
"Ibervillea tenuisecta","IBERTENU","","382"
"Ipomoea costellata","IPOMCOST","","383"
"Ipomoea cristulata","IPOMCRIS","","384"
"Ipomopsis longiflora","IPOMLONG","","385"
"Ipomopsis pumila","IPOMPUMI","","386"
"Isocoma menziesii","ISOCMENZ","","387"
"Isocoma pluriflora","ISOCPLUR","","388"
"Jaffueliobryum wrightii","JAFFWRIG","","389"
"Janusia gracilis","JANUGRAC","","390"
"Jatropha macrorhiza","JATRMACR","","391"
"Juncus mexicanus","JUNCMEXI","","392"
"Juncus patens","JUNCPATE","","393"
"Juniperus coahuilensis","JUNICOAH","","394"
"Juniperus monosperma","JUNIMONO","","395"
"Kallstroemia hirsutissima","KALLHIRS","","396"
"Kallstroemia parviflora","KALLPARV","","397"
"Kochia scoparia","KOCHSCOP","","398"
"Koeberlinia spinosa","KOEBSPIN","","399"
"Koeleria macrantha","KOELMACR","","400"
"Krameria erecta","KRAMEREC","","401"
"Krameria grayi","KRAMGRAY","","402"
"Krameria lanceolata","KRAMLANC","","403"
"Krascheninnikovia lanata","KRASLANA","","404"
"Lactuca serriola - Prickly wild lettuce","LACTSERR","","405"
"Laennecia coulteri","LAENCOUL","","406"
"Lagophylla ramosissima","LAGORAMO","","407"
"Lamarckia aurea","LAMAAURE","","408"
"Lamium amplexicaule - Henbit deadnettle","LAMIAMPL","","409"
"Lappula occidentalis","LAPPOCCI","","410"
"Larrea tridentata","LARRTRID","","411"
"Lasthenia californica - Common goldfields","LASTCALI","","412"
"Layia platyglossa - Coastal tidytips","LAYIPLAT","","413"
"Leersia oryzoides","LEERORYZ","","414"
"Lepidium alyssoides","LEPIALYS","","415"
"Lepidium lasiocarpum","LEPILASI","","416"
"Lepidium nitidum","LEPINITI","","417"
"Lepidium virginicum","LEPIVIRG","","418"
"Leptochloa dubia","LEPTDUBI","","419"
"Leptochloa fascicularis","LEPTFASC","","420"
"Leptochloa viscida","LEPTVISC","","421"
"Leptosyne gigantea - Giant coreopsis","LEPTGIGA","","422"
"Lesquerella fendleri","LESQFEND","","423"
"Lesquerella gordonii","LESQGORD","","424"
"Leuciva dealbata","LEUCDEAL","","425"
"Leymus condensatus - Giant rye grass","LEYMCOND","","426"
"Linanthus bigelovii","LINABIGE","","427"
"Linum australe","LINUAUST","","428"
"Linum pratense","LINUPRAT","","429"
"Linum vernale","LINUVERN","","430"
"Lithospermum incisum","LITHINCI","","431"
"Logfia filaginoides","LOGFFILA","","432"
"Logfia gallica","LOGFGALL","","433"
"Lomatium utriculatum","LOMAUTRI","","434"
"Lotus greenei","LOTUGREE","","435"
"Lotus plebeius","LOTUPLEB","","436"
"Lotus wrightii","LOTUWRIG","","437"
"Lupinus albifrons - Silver bush lupine","LUPIALBI","","438"
"Lupinus arboreus","LUPIARBO","","439"
"Lupinus bicolor - Bicolored lupine","LUPIBICO","","440"
"Lupinus brevicaulis","LUPIBREV","","441"
"Lupinus concinnus","LUPICONC","","442"
"Lupinus excubitus - Grape lupine","LUPIEXCU","","443"
"Lupinus nanus - Sky lupine","LUPINANU","","444"
"Lupinus pusillus","LUPIPUSI","","445"
"Lupinus succulentus - Succulent lupine","LUPISUCC","","446"
"Lycium berlandieri","LYCIBERL","","447"
"Lycium pallidum","LYCIPALL","","448"
"Lycium torreyi","LYCITORR","","449"
"Lycurus phleoides","LYCUPHLE","","450"
"Lycurus setosus","LYCUSETO","","451"
"Lysimachia arvensis - Scarlet pimpernel","LYSIARVE","","452"
"Machaeranthera tanacetifolia","MACHTANA","","453"
"Maclura pomifera","MACLPOMI","","454"
"Malacothrix fendleri","MALAFEND","","455"
"Malva parviflora - Cheeseweed mallow","MALVPARV","","456"
"Malvella lepidota","MALVLEPI","","457"
"Malvella sagittaefolia","MALVSAGI","","458"
"Mammillaria grahamii","MAMMGRAH","","459"
"Mammillaria heyderi","MAMMHEYD","","460"
"Mammillaria wrightii","MAMMWRIG","","461"
"Marah fabacea","MARAFABA","","462"
"Marrubium vulgare - White horehound","MARRVULG","","463"
"Maurandya antirrhiniflora","MAURANTI","","464"
"Maurandya wislizenii","MAURWISL","","465"
"Medicago polymorpha - bur clover","MEDIPOLY","","466"
"Melampodium leucanthum","MELALEUC","","467"
"Melica imperfecta","MELIIMPE","","468"
"Menodora scabra","MENOSCAB","","469"
"Mentzelia albicaulis","MENTALBI","","470"
"Mentzelia pumila","MENTPUMI","","471"
"Micropus californicus","MICRCALI","","472"
"Microseris douglasii","MICRDOUG","","473"
"Microsteris gracilis - Slender phlox","MICRGRAC","","474"
"Mimosa aculeaticarpa","MIMOACUL","","475"
"Mimosa quadrivalvis","MIMOQUAD","","476"
"Mimulus aurantiacus - Sticky monkeyflower","MIMUAURA","","477"
"Mirabilis linearis","MIRALINE","","478"
"Mirabilis multiflora","MIRAMULT","","479"
"Mollugo cerviana","MOLLCERV","","480"
"Mollugo verticillata","MOLLVERT","","481"
"Morus microphylla","MORUMICR","","482"
"Muhlenbergia arenacea","MUHLARENA","","483"
"Muhlenbergia arenicola","MUHLARENI","","484"
"Muhlenbergia asperifolia","MUHLASPE","","485"
"Muhlenbergia emersleyi","MUHLEMER","","486"
"Muhlenbergia porteri","MUHLPORT","","487"
"Muhlenbergia tenuifolia","MUHLTENU","","488"
"Munroa squarrosa","MUNRSQUA","","489"
"Nama hispidum","NAMAHISP","","490"
"Navarretia mitracarpa","NAVAMITR","","491"
"Nemophila menziesii - Baby blue eyes","NEMOMENZ","","492"
"Nerisyrenia camporum","NERICAMP","","493"
"Nerisyrenia linearifolia","NERILINE","","494"
"Nicotiana trigonophylla","NICOTRIG","","495"
"Notholaena standleyi","NOTHSTAN","","496"
"Nuttallanthus texanus","NUTTTEXA","","497"
"Oenothera albicaulis","OENOALBI","","498"
"Oenothera caespitosa","OENOCAES","","499"
"Oenothera curtiflora","OENOCURT","","500"
"Oenothera hartwegii","OENOHART","","501"
"Oenothera pallida","OENOPALL","","502"
"Oenothera primiveris","OENOPRIM","","503"
"Oligomeris linifolia","OLIGLINI","","504"
"Opuntia chlorotica","OPUNCHLO","","505"
"Opuntia engelmannii","OPUNENGE","","506"
"Opuntia macrocentra","OPUNMACR","","507"
"Opuntia phaeacantha","OPUNPHAE","","508"
"Orobanche ludoviciana","OROBLUDO","","509"
"Paeonia californica - California peony","PAEOCALI","","510"
"Palafoxia sphacelata","PALASPHA","","511"
"Panicum antidotale","PANIANTI","","512"
"Panicum capillare","PANICAPI","","513"
"Panicum hallii","PANIHALL","","514"
"Panicum hirticaule","PANIHIRT","","515"
"Panicum obtusum","PANIOBTU","","516"
"Parthenium confertum","PARTCONF","","517"
"Parthenium incanum","PARTINCA","","518"
"Paspalum distichum","PASPDIST","","519"
"Paspalum setaceum","PASPSETA","","520"
"Pectis angustifolia","PECTANGU","","521"
"Pectis papposa","PECTPAPP","","522"
"Pectis prostrata","PECTPROS","","523"
"Peganum harmala","PEGAHARM","","524"
"Pellaea truncata","PELLTRUN","","525"
"Peniocereus greggii","PENIGREG","","526"
"Penstemon ambiguus","PENSAMBI","","527"
"Penstemon barbatus","PENSBARB","","528"
"Penstemon fendleri","PENSFEND","","529"
"Phacelia coerulea","PHACCOER","","530"
"Phacelia congesta","PHACCONG","","531"
"Phacelia imbricata","PHACIMBR","","532"
"Phacelia integrifolia","PHACINTEG","","533"
"Phacelia intermedia","PHACINTER","","534"
"Phacelia popei","PHACPOPE","","535"
"Phaseolus acutifolius","PHASACUT","","536"
"Phaseolus filiformis","PHASFILI","","537"
"Pholistoma auritum - Fiesta flower","PHOLAURI","","538"
"Phoradendron leucodarpum","PHORLEUC","","539"
"Phoradendron macrophyllum","PHORMACR","","540"
"Phoradendron sp. - Mistletoe","PHORSP.","","541"
"Phoradendron villosum","PHORVILL","","542"
"Phragmites australis","PHRAAUST","","543"
"Phyla nodiflora","PHYLNODI","","544"
"Physalis hederifolia","PHYSHEDE","","545"
"Pilostyles thurberi","PILOTHUR","","546"
"Pinaropappus parvus","PINAPARV","","547"
"Pinus coulteri - Coulter pine","PINUCOUL","","548"
"Pinus edulis","PINUEDUL","","549"
"Pinus ponderosa - Ponderosa pine","PINUPOND","","550"
"Pinus sabiniana - Gray pine","PINUSABI","","551"
"Plagiobothrys nothofulvus - Rusty popcornflower","PLAGNOTH","","552"
"Plantago erecta - Foothill plantain","PLANEREC","","553"
"Plantago patagonica","PLANPATA","","554"
"Pleuraphis mutica","PLEUMUTI","","555"
"Pleuraphis rigida","PLEURIGI","","556"
"Pluchea sericea","PLUCSERI","","557"
"Poa bigelovii","POABIGE","","558"
"Poa fendleriana","POAFEND","","559"
"Poa secunda","POASECU","","560"
"Polanisia dodecandra","POLADODE","","561"
"Polanisia uniglandulosa","POLAUNIG","","562"
"Polygonum aviculare ssp. depressum","POLYAVIC","","563"
"Polypogon monspeliensis","POLYMONS","","564"
"Pomaria jamesii","POMAJAME","","565"
"Populus deltoides","POPUDELT","","566"
"Populus trichocarpa - Black cottonwood","POPUTRIC","","567"
"Porophyllum scoparium","POROSCOP","","568"
"Portulaca halimoides","PORTHALI","","569"
"Portulaca oleracea","PORTOLER","","570"
"Portulaca pilosa","PORTPILO","","571"
"Portulaca retusa","PORTRETU","","572"
"Portulaca suffrutescens","PORTSUFF","","573"
"Portulaca umbraticola","PORTUMBR","","574"
"Primula clevelandii - Padre's shooting star","PRIMCLEV","","575"
"Proboscidea althaeifolia","PROBALTH","","576"
"Proboscidea louisianica","PROBLOUI","","577"
"Proboscidea parviflora","PROBPARV","","578"
"Prosopis glandulosa","PROSGLAN","","579"
"Prosopis pubescens","PROSPUBE","","580"
"Prunus ilicifolia - Hollyleaf cherry","PRUNILIC","","581"
"Pseudognaphalium californicum","PSEUCALI","","582"
"Pseudognaphalium stramineum","PSEUSTRA","","583"
"Pseudotsuga macrocarpa - Bigcone douglas fir","PSEUMACR","","584"
"Psilostrophe tagetina","PSILTAGE","","585"
"Psorothamnus scoparius","PSORSCOP","","586"
"Ptelea trifoliata","PTELTRIF","","587"
"Pterostegia drymarioides","PTERDRYM","","588"
"Pterygoneurum ovatum","PTEROVAT","","589"
"Pyrrhopappus pauciflorus","PYRRPAUC","","590"
"Quercus agrifolia - Coast live oak","QUERAGRI","","591"
"Quercus berberidifolia - Scrub oak","QUERBERB","","592"
"Quercus crysolepis - Canyon live oak","QUERCRYS","","593"
"Quercus douglasii - Blue oak","QUERDOUG","","594"
"Quercus lobata - Valley oak","QUERLOBA","","595"
"Quercus turbinella","QUERTURB","","596"
"Quercus wislizeni - Bush interior live oak","QUERWISL","","597"
"Rafinesquia neomexicana","RAFINEOM","","598"
"Ramalina menziesii","RAMAMENZ","","599"
"Ranunculus californicus - California buttercup","RANUCALI","","600"
"Ratibida columnifera","RATICOLU","","601"
"Ratibida tagetes","RATITAGE","","602"
"Reverchonia arenaria","REVEAREN","","603"
"Rhamnus crocea","RHAMCROC","","604"
"Rhus integrifolia - Lemonadeberry","RHUSINTE","","605"
"Rhus microphylla","RHUSMICR","","606"
"Rhus trilobata","RHUSTRIL","","607"
"Rhynchosida physocalyx","RHYNPHYS","","608"
"Rigiopappus leptocladus","RIGILEPT","","609"
"Rumex hymenosepalus","RUMEHYME","","610"
"Rumex mexicanus","RUMEMEXI","","611"
"Salix exigua","SALIEXIG","","612"
"Salix gooddingii","SALIGOOD","","613"
"Salix lasiolepis - Arroyo willow","SALILASI","","614"
"Salsola Kali - Saltwort","SALSKALI","","615"
"Salsola tragus - Barbwire Russian Thistle","SALSTRAG","","616"
"Salvia leucophylla - Purple sage","SALVLEUC","","617"
"Salvia mellifera - Black sage","SALVMELL","","618"
"Sambucus nigra - Black elderberry","SAMBNIGR","","619"
"Sanicula arguta","SANIARGU","","620"
"Sanicula bipinnata","SANIBIPI","","621"
"Sanvitalia abertii","SANVABER","","622"
"Sapindus drummondii","SAPIDRUM","","623"
"Sarcobatus vermiculatus - Greasewood","SARCVERM","","624"
"Sarcostemma cynanchoides","SARCCYNA","","625"
"Sartwellia flaveriae","SARTFLAV","","626"
"Schinus molle - Peruvian pepper tree","SCHIMOLL","","627"
"Schismus arabicus","SCHIARAB","","628"
"Schoenocrambe linearifolia","SCHOLINE","","629"
"Schoenoplectus acutus","SCHOACUT","","630"
"Schoenoplectus pungens","SCHOPUNG","","631"
"Scleropogon brevifolius","SCLEBREV","","632"
"Scrophularia californica","SCROCALI","","633"
"Selaginella rupincola","SELARUPI","","634"
"Selenia dissecta","SELEDISS","","635"
"Senecio flaccidus","SENEFLAC","","636"
"Senecio riddellii","SENERIDD","","637"
"Senna bauhinioides","SENNBAUH","","638"
"Senna lindheimeriana","SENNLIND","","639"
"Setaria leucopila","SETALEUC","","640"
"Setaria pumila","SETAPUMI","","641"
"Setaria viridis","SETAVIRI","","642"
"Sida abutifolia","SIDAABUT","","643"
"Silene antirrhina","SILEANTI","","644"
"Silene gallica - Windmill pink","SILEGALL","","645"
"Silybum marianum - Milk thistle","SILYMARI","","646"
"Sisymbrium irio","SISYIRIO","","647"
"Sisymbrium officinale","SISYOFFI","","648"
"Sisyrinchium bellum - Blue-eyed grass","SISYBELL","","649"
"Solanum douglasii","SOLADOUG","","650"
"Solanum elaeagnifolium","SOLAELAE","","651"
"Solanum heterodoxum","SOLAHETE","","652"
"Solanum rostratum","SOLAROST","","653"
"Sonchus asper","SONCASPE","","654"
"Sonchus oleraceus","SONCOLER","","655"
"Sophora nuttalliana","SOPHNUTT","","656"
"Sophora stenophylla","SOPHSTEN","","657"
"Sorghum halepense","SORGHALE","","658"
"Sphaeralcea angustifolia","SPHAANGU","","659"
"Sphaeralcea coccinea","SPHACOCC","","660"
"Sphaeralcea digitata","SPHADIGI","","661"
"Sphaeralcea fendleri","SPHAFEND","","662"
"Sphaeralcea hastulata","SPHAHAST","","663"
"Sphaeralcea incana","SPHAINCA","","664"
"Sphaerophysa salsula","SPHASALS","","665"
"Sporobolus airoides","SPORAIRO","","666"
"Sporobolus contractus","SPORCONT","","667"
"Sporobolus cryptandrus","SPORCRYP","","668"
"Sporobolus flexuosus","SPORFLEX","","669"
"Sporobolus giganteus","SPORGIGA","","670"
"Sporobolus nealleyi","SPORNEAL","","671"
"Sporobolus pyramidatus","SPORPYRA","","672"
"Sporobolus wrightii","SPORWRIG","","673"
"Stellaria media","STELMEDI","","674"
"Stephanomeria exigua","STEPEXIG","","675"
"Stephanomeria pauciflora","STEPPAUC","","676"
"Stipa cernua","STIPCERN","","677"
"Stipa columbiana - Columbia Needlegrass","STIPCOLU","","678"
"Stipa lepida - Foothill needle grass","STIPLEPI","","679"
"Stipa pulchra - Purple needle grass","STIPPULC","","680"
"Streptanthus carinatus","STRECARI","","681"
"Suaeda nigra","SUAENIGR","","682"
"Symphyotrichum subulatum","SYMPSUBU","","683"
"Talinum aurantiacum","TALIAURA","","684"
"Talinum polygaloides","TALIPOLY","","685"
"Tamarix chinensis","TAMACHIN","","686"
"Tecoma stans","TECOSTAN","","687"
"Tetraclea coulteri","TETRCOUL","","688"
"Thelesperma megapotamicum","THELMEGA","","689"
"Thelypodium wrightii","THELWRIG","","690"
"Thymophylla acerosa","THYMACER","","691"
"Thymophylla pentachaeta","THYMPENT","","692"
"Thysanocarpus laciniatus","THYSLACI","","693"
"Thysanocarpus sp.","THYSSP.","","694"
"Tidestromia lanuginosa","TIDELANU","","695"
"Tiquilia canescens","TIQUCANE","","696"
"Torilis arvensis","TORIARVE","","697"
"Torilis nodosa","TORINODO","","698"
"Tortula bartramii","TORTBART","","699"
"Tortula ruralis","TORTRURA","","700"
"Townsendia annua","TOWNANNU","","701"
"Toxicodendron diversilobum - Poison oak","TOXIDIVE","","702"
"Toxicoscordion fremontii - Common star lily","TOXIFREM","","703"
"Tradescantia occidentalis","TRADOCCI","","704"
"Tragia nepetifolia","TRAGNEPE","","705"
"Tragia ramosa","TRAGRAMO","","706"
"Tragopogon dubius","TRAGDUBI","","707"
"Tragus berteronianus","TRAGBERT","","708"
"Tribulus terrestris","TRIBTERR","","709"
"Trichostema lanatum","TRICLANA","","710"
"Tridens muticus","TRIDMUTI","","711"
"Trifolium albopurpureum - Rancheria clover","TRIFALBO","","712"
"Trifolium ciliolatum - Foothill clover","TRIFCILI","","713"
"Trifolium gracilentum - Pinpoint clover","TRIFGRAC","","714"
"Trifolium microcephalum - Hairy clover","TRIFMICR","","715"
"Trifolium willdenovii - Tomcat clover","TRIFWILL","","716"
"Trixis californica","TRIXCALI","","717"
"Ungnadia speciosa","UNGNSPEC","","718"
"Urochloa arizonica","UROCARIZ","","719"
"Urochloa fasciculata","UROCFASC","","720"
"Uropappus lindleyi","UROPLIND","","721"
"Urtica urens - Annual stinging nettle","URTIUREN","","722"
"Verbena bracteata","VERBBRAC","","723"
"Verbesina encelioides","VERBENCE","","724"
"Vicia hassei","VICIHASS","","725"
"Vicia ludoviciana","VICILUDO","","726"
"Viguiera dentata","VIGUDENT","","727"
"Viguiera longifolia","VIGULONG","","728"
"Viola pedunculata - California golden violet","VIOLPEDU","","729"
"Vulpia microstachys","VULPMICR","","730"
"Vulpia myuros","VULPMYUR","","731"
"Vulpia octoflora","VULPOCTO","","732"
"Weissia condensa","WEISCOND","","733"
"Weissia controversa","WEISCONT","","734"
"Xanthisma gracilis","XANTGRAC","","735"
"Xanthisma spinulosum","XANTSPIN","","736"
"Xanthium strumarium","XANTSTRU","","737"
"Yabea microcarpa - California hedge parsley","YABEMICR","","738"
"Yucca baccata","YUCCBACC","","739"
"Yucca elata","YUCCELAT","","740"
"Zephyranthes longifolia","ZEPHLONG","","741"
"Zinnia acerosa","ZINNACER","","742"
"Zinnia grandiflora","ZINNGRAN","","743"
"Ziziphus obtusifolia","ZIZIOBTU","","744"
